{
  "积分消耗-单用户" : {
    "transaction" : "积分消耗-单用户",
    "sampleCount" : 5000,
    "errorCount" : 0,
    "errorPct" : 0.0,
    "meanResTime" : 2679.0476000000017,
    "medianResTime" : 2613.0,
    "minResTime" : 230.0,
    "maxResTime" : 4849.0,
    "pct1ResTime" : 3958.8000000000065,
    "pct2ResTime" : 4563.0,
    "pct3ResTime" : 4821.0,
    "throughput" : 141.18311449950585,
    "receivedKBytesPerSec" : 33.77916313708881,
    "sentKBytesPerSec" : 37.900000441197236
  },
  "调试" : {
    "transaction" : "调试",
    "sampleCount" : 10000,
    "errorCount" : 0,
    "errorPct" : 0.0,
    "meanResTime" : 0.13889999999999922,
    "medianResTime" : 0.0,
    "minResTime" : 0.0,
    "maxResTime" : 54.0,
    "pct1ResTime" : 0.0,
    "pct2ResTime" : 1.0,
    "pct3ResTime" : 2.0,
    "throughput" : 285.12773722627736,
    "receivedKBytesPerSec" : 110.57003049084739,
    "sentKBytesPerSec" : 0.0
  },
  "Total" : {
    "transaction" : "Total",
    "sampleCount" : 20000,
    "errorCount" : 0,
    "errorPct" : 0.0,
    "meanResTime" : 922.8906500000037,
    "medianResTime" : 1.0,
    "minResTime" : 0.0,
    "maxResTime" : 4849.0,
    "pct1ResTime" : 3061.9000000000015,
    "pct2ResTime" : 3309.0,
    "pct3ResTime" : 4610.970000000005,
    "throughput" : 564.7324579980234,
    "receivedKBytesPerSec" : 182.00924528801355,
    "sentKBytesPerSec" : 82.2404877876606
  },
  "积分消耗" : {
    "transaction" : "积分消耗",
    "sampleCount" : 5000,
    "errorCount" : 0,
    "errorPct" : 0.0,
    "meanResTime" : 1012.2372000000005,
    "medianResTime" : 995.0,
    "minResTime" : 0.0,
    "maxResTime" : 3332.0,
    "pct1ResTime" : 2122.0,
    "pct2ResTime" : 2761.0,
    "pct3ResTime" : 3267.99,
    "throughput" : 174.51397856968342,
    "receivedKBytesPerSec" : 47.874637883494465,
    "sentKBytesPerSec" : 54.80850090310984
  }
}