{
  "积分消耗-单用户" : {
    "transaction" : "积分消耗-单用户",
    "sampleCount" : 5000,
    "errorCount" : 0,
    "errorPct" : 0.0,
    "meanResTime" : 4898.221399999987,
    "medianResTime" : 5026.5,
    "minResTime" : 16.0,
    "maxResTime" : 13934.0,
    "pct1ResTime" : 7119.0,
    "pct2ResTime" : 8107.849999999999,
    "pct3ResTime" : 9832.949999999999,
    "throughput" : 82.23413703496595,
    "receivedKBytesPerSec" : 19.677087102397948,
    "sentKBytesPerSec" : 22.075159816905693
  },
  "调试" : {
    "transaction" : "调试",
    "sampleCount" : 10000,
    "errorCount" : 0,
    "errorPct" : 0.0,
    "meanResTime" : 0.056000000000000195,
    "medianResTime" : 0.0,
    "minResTime" : 0.0,
    "maxResTime" : 7.0,
    "pct1ResTime" : 0.0,
    "pct2ResTime" : 1.0,
    "pct3ResTime" : 1.0,
    "throughput" : 164.80709329729552,
    "receivedKBytesPerSec" : 63.911064169701866,
    "sentKBytesPerSec" : 0.0
  },
  "Total" : {
    "transaction" : "Total",
    "sampleCount" : 20000,
    "errorCount" : 0,
    "errorPct" : 0.0,
    "meanResTime" : 1688.1047999999985,
    "medianResTime" : 1.0,
    "minResTime" : 0.0,
    "maxResTime" : 13934.0,
    "pct1ResTime" : 5841.100000000013,
    "pct2ResTime" : 6485.0,
    "pct3ResTime" : 8568.980000000003,
    "throughput" : 328.9365481398638,
    "receivedKBytesPerSec" : 106.01615309734878,
    "sentKBytesPerSec" : 47.901416945577445
  },
  "积分消耗" : {
    "transaction" : "积分消耗",
    "sampleCount" : 5000,
    "errorCount" : 0,
    "errorPct" : 0.0,
    "meanResTime" : 1854.0858,
    "medianResTime" : 1698.5,
    "minResTime" : 0.0,
    "maxResTime" : 4786.0,
    "pct1ResTime" : 4048.5000000000027,
    "pct2ResTime" : 4421.95,
    "pct3ResTime" : 4708.98,
    "throughput" : 108.12213476342878,
    "receivedKBytesPerSec" : 29.66128038231987,
    "sentKBytesPerSec" : 33.9565800090282
  }
}